TRAMO_ID,CODIGO_ESTACION,NOMBRE_ESTACION,NUCLEO_CERCANIAS,TRAMO_HORARIO,VIAJEROS_SUBIDOS,VIAJEROS_BAJADOS
ALORA_0630_0700,54405,ALORA,MÁLAGA,06:30 - 07:00,33,3
ALORA_0730_0800,54405,ALORA,MÁLAGA,07:30 - 08:00,17,6
ALORA_0830_0900,54405,ALORA,MÁLAGA,08:30 - 09:00,39,12
ALORA_1000_1030,54405,ALORA,MÁLAGA,10:00 - 10:30,0,23
ALORA_1030_1100,54405,ALORA,MÁLAGA,10:30 - 11:00,16,0
ALORA_1200_1230,54405,ALORA,MÁLAGA,12:00 - 12:30,0,40
ALORA_1230_1300,54405,ALORA,MÁLAGA,12:30 - 13:00,10,0
ALORA_1300_1330,54405,ALORA,MÁLAGA,13:00 - 13:30,0,27
ALORA_1330_1400,54405,ALORA,MÁLAGA,13:30 - 14:00,13,0
ALORA_1400_1430,54405,ALORA,MÁLAGA,14:00 - 14:30,0,13
ALORA_1430_1500,54405,ALORA,MÁLAGA,14:30 - 15:00,26,0
ALORA_1500_1530,54405,ALORA,MÁLAGA,15:00 - 15:30,0,28
ALORA_1530_1600,54405,ALORA,MÁLAGA,15:30 - 16:00,31,0
ALORA_1600_1630,54405,ALORA,MÁLAGA,16:00 - 16:30,0,45
ALORA_1630_1700,54405,ALORA,MÁLAGA,16:30 - 17:00,23,0
ALORA_1800_1830,54405,ALORA,MÁLAGA,18:00 - 18:30,0,30
ALORA_1830_1900,54405,ALORA,MÁLAGA,18:30 - 19:00,12,0
ALORA_1900_1930,54405,ALORA,MÁLAGA,19:00 - 19:30,0,22
ALORA_1930_2000,54405,ALORA,MÁLAGA,19:30 - 20:00,15,0
ALORA_2000_2030,54405,ALORA,MÁLAGA,20:00 - 20:30,0,46
ALORA_2030_2100,54405,ALORA,MÁLAGA,20:30 - 21:00,4,0
ALORA_2100_2130,54405,ALORA,MÁLAGA,21:00 - 21:30,0,15
ALORA_2130_2200,54405,ALORA,MÁLAGA,21:30 - 22:00,1,0
ALORA_2200_2230,54405,ALORA,MÁLAGA,22:00 - 22:30,0,7
ALORA_2230_2300,54405,ALORA,MÁLAGA,22:30 - 23:00,2,0
PIZARRA_0630_0700,54406,PIZARRA,MÁLAGA,06:30 - 07:00,37,0
PIZARRA_0730_0800,54406,PIZARRA,MÁLAGA,07:30 - 08:00,3,3
PIZARRA_0800_0830,54406,PIZARRA,MÁLAGA,08:00 - 08:30,28,0
PIZARRA_0830_0900,54406,PIZARRA,MÁLAGA,08:30 - 09:00,1,7
PIZARRA_0900_0930,54406,PIZARRA,MÁLAGA,09:00 - 09:30,44,1
PIZARRA_1000_1030,54406,PIZARRA,MÁLAGA,10:00 - 10:30,0,7
PIZARRA_1100_1130,54406,PIZARRA,MÁLAGA,11:00 - 11:30,25,0
PIZARRA_1200_1230,54406,PIZARRA,MÁLAGA,12:00 - 12:30,0,13
PIZARRA_1300_1330,54406,PIZARRA,MÁLAGA,13:00 - 13:30,18,15
PIZARRA_1400_1430,54406,PIZARRA,MÁLAGA,14:00 - 14:30,14,20
PIZARRA_1500_1530,54406,PIZARRA,MÁLAGA,15:00 - 15:30,13,32
PIZARRA_1600_1630,54406,PIZARRA,MÁLAGA,16:00 - 16:30,22,31
PIZARRA_1700_1730,54406,PIZARRA,MÁLAGA,17:00 - 17:30,27,7
PIZARRA_1800_1830,54406,PIZARRA,MÁLAGA,18:00 - 18:30,1,22
PIZARRA_1900_1930,54406,PIZARRA,MÁLAGA,19:00 - 19:30,14,42
PIZARRA_2000_2030,54406,PIZARRA,MÁLAGA,20:00 - 20:30,9,20
PIZARRA_2100_2130,54406,PIZARRA,MÁLAGA,21:00 - 21:30,8,22
PIZARRA_2200_2230,54406,PIZARRA,MÁLAGA,22:00 - 22:30,3,16
PIZARRA_2230_2300,54406,PIZARRA,MÁLAGA,22:30 - 23:00,1,0
ALJAIMA_0630_0700,54407,ALJAIMA,MÁLAGA,06:30 - 07:00,0,1
ALJAIMA_0730_0800,54407,ALJAIMA,MÁLAGA,07:30 - 08:00,0,0
ALJAIMA_0800_0830,54407,ALJAIMA,MÁLAGA,08:00 - 08:30,0,0
ALJAIMA_0830_0900,54407,ALJAIMA,MÁLAGA,08:30 - 09:00,0,1
ALJAIMA_0900_0930,54407,ALJAIMA,MÁLAGA,09:00 - 09:30,2,0
ALJAIMA_1000_1030,54407,ALJAIMA,MÁLAGA,10:00 - 10:30,0,1
ALJAIMA_1100_1130,54407,ALJAIMA,MÁLAGA,11:00 - 11:30,3,0
ALJAIMA_1200_1230,54407,ALJAIMA,MÁLAGA,12:00 - 12:30,0,1
ALJAIMA_1300_1330,54407,ALJAIMA,MÁLAGA,13:00 - 13:30,1,1
ALJAIMA_1400_1430,54407,ALJAIMA,MÁLAGA,14:00 - 14:30,4,1
ALJAIMA_1500_1530,54407,ALJAIMA,MÁLAGA,15:00 - 15:30,0,0
ALJAIMA_1600_1630,54407,ALJAIMA,MÁLAGA,16:00 - 16:30,0,0
ALJAIMA_1700_1730,54407,ALJAIMA,MÁLAGA,17:00 - 17:30,1,0
ALJAIMA_1800_1830,54407,ALJAIMA,MÁLAGA,18:00 - 18:30,0,2
ALJAIMA_1900_1930,54407,ALJAIMA,MÁLAGA,19:00 - 19:30,0,0
ALJAIMA_2000_2030,54407,ALJAIMA,MÁLAGA,20:00 - 20:30,0,0
ALJAIMA_2100_2130,54407,ALJAIMA,MÁLAGA,21:00 - 21:30,1,0
ALJAIMA_2200_2230,54407,ALJAIMA,MÁLAGA,22:00 - 22:30,0,0
ALJAIMA_2230_2300,54407,ALJAIMA,MÁLAGA,22:30 - 23:00,1,0
CARTAMA_0600_0630,54408,CARTAMA,MÁLAGA,06:00 - 06:30,1,3
CARTAMA_0700_0730,54408,CARTAMA,MÁLAGA,07:00 - 07:30,41,7
CARTAMA_0800_0830,54408,CARTAMA,MÁLAGA,08:00 - 08:30,39,22
CARTAMA_0900_0930,54408,CARTAMA,MÁLAGA,09:00 - 09:30,68,3
CARTAMA_1000_1030,54408,CARTAMA,MÁLAGA,10:00 - 10:30,4,13
CARTAMA_1100_1130,54408,CARTAMA,MÁLAGA,11:00 - 11:30,7,6
CARTAMA_1200_1230,54408,CARTAMA,MÁLAGA,12:00 - 12:30,3,18
CARTAMA_1300_1330,54408,CARTAMA,MÁLAGA,13:00 - 13:30,45,21
CARTAMA_1400_1430,54408,CARTAMA,MÁLAGA,14:00 - 14:30,26,19
CARTAMA_1500_1530,54408,CARTAMA,MÁLAGA,15:00 - 15:30,31,48
CARTAMA_1530_1600,54408,CARTAMA,MÁLAGA,15:30 - 16:00,6,39
CARTAMA_1600_1630,54408,CARTAMA,MÁLAGA,16:00 - 16:30,21,2
CARTAMA_1700_1730,54408,CARTAMA,MÁLAGA,17:00 - 17:30,9,8
CARTAMA_1800_1830,54408,CARTAMA,MÁLAGA,18:00 - 18:30,2,25
CARTAMA_1900_1930,54408,CARTAMA,MÁLAGA,19:00 - 19:30,27,34
CARTAMA_2000_2030,54408,CARTAMA,MÁLAGA,20:00 - 20:30,14,13
CARTAMA_2100_2130,54408,CARTAMA,MÁLAGA,21:00 - 21:30,7,37
CARTAMA_2200_2230,54408,CARTAMA,MÁLAGA,22:00 - 22:30,3,18
CARTAMA_2300_2330,54408,CARTAMA,MÁLAGA,23:00 - 23:30,0,3
CAMPANILLAS_0600_0630,54410,CAMPANILLAS,MÁLAGA,06:00 - 06:30,2,0
CAMPANILLAS_0700_0730,54410,CAMPANILLAS,MÁLAGA,07:00 - 07:30,4,0
CAMPANILLAS_0800_0830,54410,CAMPANILLAS,MÁLAGA,08:00 - 08:30,6,2
CAMPANILLAS_0900_0930,54410,CAMPANILLAS,MÁLAGA,09:00 - 09:30,4,1
CAMPANILLAS_0930_1000,54410,CAMPANILLAS,MÁLAGA,09:30 - 10:00,1,3
CAMPANILLAS_1100_1130,54410,CAMPANILLAS,MÁLAGA,11:00 - 11:30,9,0
CAMPANILLAS_1130_1200,54410,CAMPANILLAS,MÁLAGA,11:30 - 12:00,5,2
CAMPANILLAS_1230_1300,54410,CAMPANILLAS,MÁLAGA,12:30 - 13:00,0,1
CAMPANILLAS_1300_1330,54410,CAMPANILLAS,MÁLAGA,13:00 - 13:30,6,0
CAMPANILLAS_1330_1400,54410,CAMPANILLAS,MÁLAGA,13:30 - 14:00,1,12
CAMPANILLAS_1400_1430,54410,CAMPANILLAS,MÁLAGA,14:00 - 14:30,4,0
CAMPANILLAS_1430_1500,54410,CAMPANILLAS,MÁLAGA,14:30 - 15:00,0,15
CAMPANILLAS_1500_1530,54410,CAMPANILLAS,MÁLAGA,15:00 - 15:30,4,5
CAMPANILLAS_1530_1600,54410,CAMPANILLAS,MÁLAGA,15:30 - 16:00,1,1
CAMPANILLAS_1600_1630,54410,CAMPANILLAS,MÁLAGA,16:00 - 16:30,9,0
CAMPANILLAS_1700_1730,54410,CAMPANILLAS,MÁLAGA,17:00 - 17:30,1,0
CAMPANILLAS_1730_1800,54410,CAMPANILLAS,MÁLAGA,17:30 - 18:00,0,0
CAMPANILLAS_1830_1900,54410,CAMPANILLAS,MÁLAGA,18:30 - 19:00,1,6
CAMPANILLAS_1900_1930,54410,CAMPANILLAS,MÁLAGA,19:00 - 19:30,3,6
CAMPANILLAS_1930_2000,54410,CAMPANILLAS,MÁLAGA,19:30 - 20:00,7,2
CAMPANILLAS_2000_2030,54410,CAMPANILLAS,MÁLAGA,20:00 - 20:30,2,1
CAMPANILLAS_2030_2100,54410,CAMPANILLAS,MÁLAGA,20:30 - 21:00,0,1
CAMPANILLAS_2100_2130,54410,CAMPANILLAS,MÁLAGA,21:00 - 21:30,0,0
CAMPANILLAS_2130_2200,54410,CAMPANILLAS,MÁLAGA,21:30 - 22:00,0,10
CAMPANILLAS_2200_2230,54410,CAMPANILLAS,MÁLAGA,22:00 - 22:30,0,0
CAMPANILLAS_2300_2330,54410,CAMPANILLAS,MÁLAGA,23:00 - 23:30,0,0
LOS_PRADOS_0600_0630,54412,LOS PRADOS,MÁLAGA,06:00 - 06:30,1,2
LOS_PRADOS_0700_0730,54412,LOS PRADOS,MÁLAGA,07:00 - 07:30,4,4
LOS_PRADOS_0800_0830,54412,LOS PRADOS,MÁLAGA,08:00 - 08:30,1,4
LOS_PRADOS_0900_0930,54412,LOS PRADOS,MÁLAGA,09:00 - 09:30,0,4
LOS_PRADOS_0930_1000,54412,LOS PRADOS,MÁLAGA,09:30 - 10:00,2,0
LOS_PRADOS_1100_1130,54412,LOS PRADOS,MÁLAGA,11:00 - 11:30,0,1
LOS_PRADOS_1130_1200,54412,LOS PRADOS,MÁLAGA,11:30 - 12:00,0,0
LOS_PRADOS_1230_1300,54412,LOS PRADOS,MÁLAGA,12:30 - 13:00,0,0
LOS_PRADOS_1300_1330,54412,LOS PRADOS,MÁLAGA,13:00 - 13:30,0,2
LOS_PRADOS_1330_1400,54412,LOS PRADOS,MÁLAGA,13:30 - 14:00,3,1
LOS_PRADOS_1400_1430,54412,LOS PRADOS,MÁLAGA,14:00 - 14:30,2,1
LOS_PRADOS_1430_1500,54412,LOS PRADOS,MÁLAGA,14:30 - 15:00,7,0
LOS_PRADOS_1500_1530,54412,LOS PRADOS,MÁLAGA,15:00 - 15:30,0,4
LOS_PRADOS_1530_1600,54412,LOS PRADOS,MÁLAGA,15:30 - 16:00,0,1
LOS_PRADOS_1600_1630,54412,LOS PRADOS,MÁLAGA,16:00 - 16:30,0,1
LOS_PRADOS_1700_1730,54412,LOS PRADOS,MÁLAGA,17:00 - 17:30,0,0
LOS_PRADOS_1730_1800,54412,LOS PRADOS,MÁLAGA,17:30 - 18:00,2,1
LOS_PRADOS_1830_1900,54412,LOS PRADOS,MÁLAGA,18:30 - 19:00,1,0
LOS_PRADOS_1900_1930,54412,LOS PRADOS,MÁLAGA,19:00 - 19:30,3,7
LOS_PRADOS_1930_2000,54412,LOS PRADOS,MÁLAGA,19:30 - 20:00,4,2
LOS_PRADOS_2000_2030,54412,LOS PRADOS,MÁLAGA,20:00 - 20:30,0,3
LOS_PRADOS_2030_2100,54412,LOS PRADOS,MÁLAGA,20:30 - 21:00,0,4
LOS_PRADOS_2100_2130,54412,LOS PRADOS,MÁLAGA,21:00 - 21:30,5,0
LOS_PRADOS_2130_2200,54412,LOS PRADOS,MÁLAGA,21:30 - 22:00,4,0
LOS_PRADOS_2200_2230,54412,LOS PRADOS,MÁLAGA,22:00 - 22:30,1,1
LOS_PRADOS_2300_2330,54412,LOS PRADOS,MÁLAGA,23:00 - 23:30,0,0
MALAGA_MARIA_ZAMBRANO_0000_0030,54413,MALAGA MARIA ZAMBRANO,MÁLAGA,00:00 - 00:30,0,26
MALAGA_MARIA_ZAMBRANO_0030_0100,54413,MALAGA MARIA ZAMBRANO,MÁLAGA,00:30 - 01:00,0,11
MALAGA_MARIA_ZAMBRANO_0500_0530,54413,MALAGA MARIA ZAMBRANO,MÁLAGA,05:00 - 05:30,12,0
MALAGA_MARIA_ZAMBRANO_0530_0600,54413,MALAGA MARIA ZAMBRANO,MÁLAGA,05:30 - 06:00,12,1
MALAGA_MARIA_ZAMBRANO_0600_0630,54413,MALAGA MARIA ZAMBRANO,MÁLAGA,06:00 - 06:30,2,0
MALAGA_MARIA_ZAMBRANO_0630_0700,54413,MALAGA MARIA ZAMBRANO,MÁLAGA,06:30 - 07:00,44,58
MALAGA_MARIA_ZAMBRANO_0700_0730,54413,MALAGA MARIA ZAMBRANO,MÁLAGA,07:00 - 07:30,53,21
MALAGA_MARIA_ZAMBRANO_0730_0800,54413,MALAGA MARIA ZAMBRANO,MÁLAGA,07:30 - 08:00,73,103
MALAGA_MARIA_ZAMBRANO_0800_0830,54413,MALAGA MARIA ZAMBRANO,MÁLAGA,08:00 - 08:30,83,158
MALAGA_MARIA_ZAMBRANO_0830_0900,54413,MALAGA MARIA ZAMBRANO,MÁLAGA,08:30 - 09:00,87,110
MALAGA_MARIA_ZAMBRANO_0900_0930,54413,MALAGA MARIA ZAMBRANO,MÁLAGA,09:00 - 09:30,58,213
MALAGA_MARIA_ZAMBRANO_0930_1000,54413,MALAGA MARIA ZAMBRANO,MÁLAGA,09:30 - 10:00,131,152
MALAGA_MARIA_ZAMBRANO_1000_1030,54413,MALAGA MARIA ZAMBRANO,MÁLAGA,10:00 - 10:30,57,156
MALAGA_MARIA_ZAMBRANO_1030_1100,54413,MALAGA MARIA ZAMBRANO,MÁLAGA,10:30 - 11:00,85,93
MALAGA_MARIA_ZAMBRANO_1100_1130,54413,MALAGA MARIA ZAMBRANO,MÁLAGA,11:00 - 11:30,59,151
MALAGA_MARIA_ZAMBRANO_1130_1200,54413,MALAGA MARIA ZAMBRANO,MÁLAGA,11:30 - 12:00,138,77
MALAGA_MARIA_ZAMBRANO_1200_1230,54413,MALAGA MARIA ZAMBRANO,MÁLAGA,12:00 - 12:30,35,132
MALAGA_MARIA_ZAMBRANO_1230_1300,54413,MALAGA MARIA ZAMBRANO,MÁLAGA,12:30 - 13:00,180,83
MALAGA_MARIA_ZAMBRANO_1300_1330,54413,MALAGA MARIA ZAMBRANO,MÁLAGA,13:00 - 13:30,76,87
MALAGA_MARIA_ZAMBRANO_1330_1400,54413,MALAGA MARIA ZAMBRANO,MÁLAGA,13:30 - 14:00,153,72
MALAGA_MARIA_ZAMBRANO_1400_1430,54413,MALAGA MARIA ZAMBRANO,MÁLAGA,14:00 - 14:30,94,147
MALAGA_MARIA_ZAMBRANO_1430_1500,54413,MALAGA MARIA ZAMBRANO,MÁLAGA,14:30 - 15:00,201,113
MALAGA_MARIA_ZAMBRANO_1500_1530,54413,MALAGA MARIA ZAMBRANO,MÁLAGA,15:00 - 15:30,70,157
MALAGA_MARIA_ZAMBRANO_1530_1600,54413,MALAGA MARIA ZAMBRANO,MÁLAGA,15:30 - 16:00,146,94
MALAGA_MARIA_ZAMBRANO_1600_1630,54413,MALAGA MARIA ZAMBRANO,MÁLAGA,16:00 - 16:30,93,140
MALAGA_MARIA_ZAMBRANO_1630_1700,54413,MALAGA MARIA ZAMBRANO,MÁLAGA,16:30 - 17:00,115,86
MALAGA_MARIA_ZAMBRANO_1700_1730,54413,MALAGA MARIA ZAMBRANO,MÁLAGA,17:00 - 17:30,56,100
MALAGA_MARIA_ZAMBRANO_1730_1800,54413,MALAGA MARIA ZAMBRANO,MÁLAGA,17:30 - 18:00,153,81
MALAGA_MARIA_ZAMBRANO_1800_1830,54413,MALAGA MARIA ZAMBRANO,MÁLAGA,18:00 - 18:30,47,116
MALAGA_MARIA_ZAMBRANO_1830_1900,54413,MALAGA MARIA ZAMBRANO,MÁLAGA,18:30 - 19:00,127,66
MALAGA_MARIA_ZAMBRANO_1900_1930,54413,MALAGA MARIA ZAMBRANO,MÁLAGA,19:00 - 19:30,69,82
MALAGA_MARIA_ZAMBRANO_1930_2000,54413,MALAGA MARIA ZAMBRANO,MÁLAGA,19:30 - 20:00,160,49
MALAGA_MARIA_ZAMBRANO_2000_2030,54413,MALAGA MARIA ZAMBRANO,MÁLAGA,20:00 - 20:30,58,67
MALAGA_MARIA_ZAMBRANO_2030_2100,54413,MALAGA MARIA ZAMBRANO,MÁLAGA,20:30 - 21:00,144,35
MALAGA_MARIA_ZAMBRANO_2100_2130,54413,MALAGA MARIA ZAMBRANO,MÁLAGA,21:00 - 21:30,71,36
MALAGA_MARIA_ZAMBRANO_2130_2200,54413,MALAGA MARIA ZAMBRANO,MÁLAGA,21:30 - 22:00,58,21
MALAGA_MARIA_ZAMBRANO_2200_2230,54413,MALAGA MARIA ZAMBRANO,MÁLAGA,22:00 - 22:30,57,31
MALAGA_MARIA_ZAMBRANO_2230_2300,54413,MALAGA MARIA ZAMBRANO,MÁLAGA,22:30 - 23:00,47,11
MALAGA_MARIA_ZAMBRANO_2300_2330,54413,MALAGA MARIA ZAMBRANO,MÁLAGA,23:00 - 23:30,21,10
MALAGA_MARIA_ZAMBRANO_2330_0000,54413,MALAGA MARIA ZAMBRANO,MÁLAGA,23:30 - 00:00,15,29
VICTORIA_KENT_0000_0030,54501,VICTORIA KENT,MÁLAGA,00:00 - 00:30,2,5
VICTORIA_KENT_0030_0100,54501,VICTORIA KENT,MÁLAGA,00:30 - 01:00,0,4
VICTORIA_KENT_0500_0530,54501,VICTORIA KENT,MÁLAGA,05:00 - 05:30,10,1
VICTORIA_KENT_0600_0630,54501,VICTORIA KENT,MÁLAGA,06:00 - 06:30,6,0
VICTORIA_KENT_0630_0700,54501,VICTORIA KENT,MÁLAGA,06:30 - 07:00,25,10
VICTORIA_KENT_0700_0730,54501,VICTORIA KENT,MÁLAGA,07:00 - 07:30,23,68
VICTORIA_KENT_0730_0800,54501,VICTORIA KENT,MÁLAGA,07:30 - 08:00,63,1
VICTORIA_KENT_0800_0830,54501,VICTORIA KENT,MÁLAGA,08:00 - 08:30,27,49
VICTORIA_KENT_0830_0900,54501,VICTORIA KENT,MÁLAGA,08:30 - 09:00,61,47
VICTORIA_KENT_0900_0930,54501,VICTORIA KENT,MÁLAGA,09:00 - 09:30,34,45
VICTORIA_KENT_0930_1000,54501,VICTORIA KENT,MÁLAGA,09:30 - 10:00,74,32
VICTORIA_KENT_1000_1030,54501,VICTORIA KENT,MÁLAGA,10:00 - 10:30,24,16
VICTORIA_KENT_1030_1100,54501,VICTORIA KENT,MÁLAGA,10:30 - 11:00,24,12
VICTORIA_KENT_1100_1130,54501,VICTORIA KENT,MÁLAGA,11:00 - 11:30,15,43
VICTORIA_KENT_1130_1200,54501,VICTORIA KENT,MÁLAGA,11:30 - 12:00,82,25
VICTORIA_KENT_1200_1230,54501,VICTORIA KENT,MÁLAGA,12:00 - 12:30,7,22
VICTORIA_KENT_1230_1300,54501,VICTORIA KENT,MÁLAGA,12:30 - 13:00,42,17
VICTORIA_KENT_1300_1330,54501,VICTORIA KENT,MÁLAGA,13:00 - 13:30,11,50
VICTORIA_KENT_1330_1400,54501,VICTORIA KENT,MÁLAGA,13:30 - 14:00,66,27
VICTORIA_KENT_1400_1430,54501,VICTORIA KENT,MÁLAGA,14:00 - 14:30,28,81
VICTORIA_KENT_1430_1500,54501,VICTORIA KENT,MÁLAGA,14:30 - 15:00,105,45
VICTORIA_KENT_1500_1530,54501,VICTORIA KENT,MÁLAGA,15:00 - 15:30,25,72
VICTORIA_KENT_1530_1600,54501,VICTORIA KENT,MÁLAGA,15:30 - 16:00,88,59
VICTORIA_KENT_1600_1630,54501,VICTORIA KENT,MÁLAGA,16:00 - 16:30,16,12
VICTORIA_KENT_1630_1700,54501,VICTORIA KENT,MÁLAGA,16:30 - 17:00,50,59
VICTORIA_KENT_1700_1730,54501,VICTORIA KENT,MÁLAGA,17:00 - 17:30,25,25
VICTORIA_KENT_1730_1800,54501,VICTORIA KENT,MÁLAGA,17:30 - 18:00,64,50
VICTORIA_KENT_1800_1830,54501,VICTORIA KENT,MÁLAGA,18:00 - 18:30,12,33
VICTORIA_KENT_1830_1900,54501,VICTORIA KENT,MÁLAGA,18:30 - 19:00,64,41
VICTORIA_KENT_1900_1930,54501,VICTORIA KENT,MÁLAGA,19:00 - 19:30,8,45
VICTORIA_KENT_1930_2000,54501,VICTORIA KENT,MÁLAGA,19:30 - 20:00,46,18
VICTORIA_KENT_2000_2030,54501,VICTORIA KENT,MÁLAGA,20:00 - 20:30,15,50
VICTORIA_KENT_2030_2100,54501,VICTORIA KENT,MÁLAGA,20:30 - 21:00,47,40
VICTORIA_KENT_2100_2130,54501,VICTORIA KENT,MÁLAGA,21:00 - 21:30,8,22
VICTORIA_KENT_2130_2200,54501,VICTORIA KENT,MÁLAGA,21:30 - 22:00,44,26
VICTORIA_KENT_2200_2230,54501,VICTORIA KENT,MÁLAGA,22:00 - 22:30,5,14
VICTORIA_KENT_2230_2300,54501,VICTORIA KENT,MÁLAGA,22:30 - 23:00,13,3
VICTORIA_KENT_2300_2330,54501,VICTORIA KENT,MÁLAGA,23:00 - 23:30,7,9
VICTORIA_KENT_2330_0000,54501,VICTORIA KENT,MÁLAGA,23:30 - 00:00,11,5
GUADALHORCE_0000_0030,54503,GUADALHORCE,MÁLAGA,00:00 - 00:30,0,0
GUADALHORCE_0030_0100,54503,GUADALHORCE,MÁLAGA,00:30 - 01:00,0,0
GUADALHORCE_0500_0530,54503,GUADALHORCE,MÁLAGA,05:00 - 05:30,2,0
GUADALHORCE_0600_0630,54503,GUADALHORCE,MÁLAGA,06:00 - 06:30,0,1
GUADALHORCE_0630_0700,54503,GUADALHORCE,MÁLAGA,06:30 - 07:00,13,13
GUADALHORCE_0700_0730,54503,GUADALHORCE,MÁLAGA,07:00 - 07:30,2,13
GUADALHORCE_0730_0800,54503,GUADALHORCE,MÁLAGA,07:30 - 08:00,3,18
GUADALHORCE_0800_0830,54503,GUADALHORCE,MÁLAGA,08:00 - 08:30,4,29
GUADALHORCE_0830_0900,54503,GUADALHORCE,MÁLAGA,08:30 - 09:00,20,56
GUADALHORCE_0900_0930,54503,GUADALHORCE,MÁLAGA,09:00 - 09:30,11,41
GUADALHORCE_0930_1000,54503,GUADALHORCE,MÁLAGA,09:30 - 10:00,7,38
GUADALHORCE_1000_1030,54503,GUADALHORCE,MÁLAGA,10:00 - 10:30,2,14
GUADALHORCE_1030_1100,54503,GUADALHORCE,MÁLAGA,10:30 - 11:00,12,18
GUADALHORCE_1100_1130,54503,GUADALHORCE,MÁLAGA,11:00 - 11:30,7,11
GUADALHORCE_1130_1200,54503,GUADALHORCE,MÁLAGA,11:30 - 12:00,12,23
GUADALHORCE_1200_1230,54503,GUADALHORCE,MÁLAGA,12:00 - 12:30,10,23
GUADALHORCE_1230_1300,54503,GUADALHORCE,MÁLAGA,12:30 - 13:00,24,31
GUADALHORCE_1300_1330,54503,GUADALHORCE,MÁLAGA,13:00 - 13:30,17,4
GUADALHORCE_1330_1400,54503,GUADALHORCE,MÁLAGA,13:30 - 14:00,11,8
GUADALHORCE_1400_1430,54503,GUADALHORCE,MÁLAGA,14:00 - 14:30,24,2
GUADALHORCE_1430_1500,54503,GUADALHORCE,MÁLAGA,14:30 - 15:00,16,16
GUADALHORCE_1500_1530,54503,GUADALHORCE,MÁLAGA,15:00 - 15:30,9,5
GUADALHORCE_1530_1600,54503,GUADALHORCE,MÁLAGA,15:30 - 16:00,13,12
GUADALHORCE_1600_1630,54503,GUADALHORCE,MÁLAGA,16:00 - 16:30,5,6
GUADALHORCE_1630_1700,54503,GUADALHORCE,MÁLAGA,16:30 - 17:00,15,20
GUADALHORCE_1700_1730,54503,GUADALHORCE,MÁLAGA,17:00 - 17:30,13,6
GUADALHORCE_1730_1800,54503,GUADALHORCE,MÁLAGA,17:30 - 18:00,8,7
GUADALHORCE_1800_1830,54503,GUADALHORCE,MÁLAGA,18:00 - 18:30,19,12
GUADALHORCE_1830_1900,54503,GUADALHORCE,MÁLAGA,18:30 - 19:00,24,9
GUADALHORCE_1900_1930,54503,GUADALHORCE,MÁLAGA,19:00 - 19:30,15,3
GUADALHORCE_1930_2000,54503,GUADALHORCE,MÁLAGA,19:30 - 20:00,24,6
GUADALHORCE_2000_2030,54503,GUADALHORCE,MÁLAGA,20:00 - 20:30,48,0
GUADALHORCE_2030_2100,54503,GUADALHORCE,MÁLAGA,20:30 - 21:00,6,7
GUADALHORCE_2100_2130,54503,GUADALHORCE,MÁLAGA,21:00 - 21:30,1,8
GUADALHORCE_2130_2200,54503,GUADALHORCE,MÁLAGA,21:30 - 22:00,1,3
GUADALHORCE_2200_2230,54503,GUADALHORCE,MÁLAGA,22:00 - 22:30,1,3
GUADALHORCE_2230_2300,54503,GUADALHORCE,MÁLAGA,22:30 - 23:00,3,8
GUADALHORCE_2300_2330,54503,GUADALHORCE,MÁLAGA,23:00 - 23:30,2,1
GUADALHORCE_2330_0000,54503,GUADALHORCE,MÁLAGA,23:30 - 00:00,0,0
AEROPUERTO_0000_0030,54505,AEROPUERTO,MÁLAGA,00:00 - 00:30,6,3
AEROPUERTO_0030_0100,54505,AEROPUERTO,MÁLAGA,00:30 - 01:00,5,2
AEROPUERTO_0530_0600,54505,AEROPUERTO,MÁLAGA,05:30 - 06:00,4,22
AEROPUERTO_0600_0630,54505,AEROPUERTO,MÁLAGA,06:00 - 06:30,0,22
AEROPUERTO_0630_0700,54505,AEROPUERTO,MÁLAGA,06:30 - 07:00,15,38
AEROPUERTO_0700_0730,54505,AEROPUERTO,MÁLAGA,07:00 - 07:30,4,50
AEROPUERTO_0730_0800,54505,AEROPUERTO,MÁLAGA,07:30 - 08:00,6,73
AEROPUERTO_0800_0830,54505,AEROPUERTO,MÁLAGA,08:00 - 08:30,13,84
AEROPUERTO_0830_0900,54505,AEROPUERTO,MÁLAGA,08:30 - 09:00,45,80
AEROPUERTO_0900_0930,54505,AEROPUERTO,MÁLAGA,09:00 - 09:30,86,72
AEROPUERTO_0930_1000,54505,AEROPUERTO,MÁLAGA,09:30 - 10:00,25,119
AEROPUERTO_1000_1030,54505,AEROPUERTO,MÁLAGA,10:00 - 10:30,34,77
AEROPUERTO_1030_1100,54505,AEROPUERTO,MÁLAGA,10:30 - 11:00,34,105
AEROPUERTO_1100_1130,54505,AEROPUERTO,MÁLAGA,11:00 - 11:30,51,67
AEROPUERTO_1130_1200,54505,AEROPUERTO,MÁLAGA,11:30 - 12:00,77,115
AEROPUERTO_1200_1230,54505,AEROPUERTO,MÁLAGA,12:00 - 12:30,129,91
AEROPUERTO_1230_1300,54505,AEROPUERTO,MÁLAGA,12:30 - 13:00,72,84
AEROPUERTO_1300_1330,54505,AEROPUERTO,MÁLAGA,13:00 - 13:30,56,98
AEROPUERTO_1330_1400,54505,AEROPUERTO,MÁLAGA,13:30 - 14:00,100,87
AEROPUERTO_1400_1430,54505,AEROPUERTO,MÁLAGA,14:00 - 14:30,114,54
AEROPUERTO_1430_1500,54505,AEROPUERTO,MÁLAGA,14:30 - 15:00,76,100
AEROPUERTO_1500_1530,54505,AEROPUERTO,MÁLAGA,15:00 - 15:30,119,55
AEROPUERTO_1530_1600,54505,AEROPUERTO,MÁLAGA,15:30 - 16:00,65,53
AEROPUERTO_1600_1630,54505,AEROPUERTO,MÁLAGA,16:00 - 16:30,66,42
AEROPUERTO_1630_1700,54505,AEROPUERTO,MÁLAGA,16:30 - 17:00,25,57
AEROPUERTO_1700_1730,54505,AEROPUERTO,MÁLAGA,17:00 - 17:30,31,67
AEROPUERTO_1730_1800,54505,AEROPUERTO,MÁLAGA,17:30 - 18:00,82,43
AEROPUERTO_1800_1830,54505,AEROPUERTO,MÁLAGA,18:00 - 18:30,60,43
AEROPUERTO_1830_1900,54505,AEROPUERTO,MÁLAGA,18:30 - 19:00,56,36
AEROPUERTO_1900_1930,54505,AEROPUERTO,MÁLAGA,19:00 - 19:30,62,26
AEROPUERTO_1930_2000,54505,AEROPUERTO,MÁLAGA,19:30 - 20:00,47,21
AEROPUERTO_2000_2030,54505,AEROPUERTO,MÁLAGA,20:00 - 20:30,55,15
AEROPUERTO_2030_2100,54505,AEROPUERTO,MÁLAGA,20:30 - 21:00,41,4
AEROPUERTO_2100_2130,54505,AEROPUERTO,MÁLAGA,21:00 - 21:30,80,3
AEROPUERTO_2130_2200,54505,AEROPUERTO,MÁLAGA,21:30 - 22:00,20,4
AEROPUERTO_2200_2230,54505,AEROPUERTO,MÁLAGA,22:00 - 22:30,7,3
AEROPUERTO_2230_2300,54505,AEROPUERTO,MÁLAGA,22:30 - 23:00,12,15
AEROPUERTO_2300_2330,54505,AEROPUERTO,MÁLAGA,23:00 - 23:30,70,8
AEROPUERTO_2330_0000,54505,AEROPUERTO,MÁLAGA,23:30 - 00:00,43,6
LA_COLINA_0000_0030,54508,LA COLINA,MÁLAGA,00:00 - 00:30,2,1
LA_COLINA_0030_0100,54508,LA COLINA,MÁLAGA,00:30 - 01:00,0,2
LA_COLINA_0530_0600,54508,LA COLINA,MÁLAGA,05:30 - 06:00,0,0
LA_COLINA_0600_0630,54508,LA COLINA,MÁLAGA,06:00 - 06:30,1,0
LA_COLINA_0630_0700,54508,LA COLINA,MÁLAGA,06:30 - 07:00,7,3
LA_COLINA_0700_0730,54508,LA COLINA,MÁLAGA,07:00 - 07:30,30,9
LA_COLINA_0730_0800,54508,LA COLINA,MÁLAGA,07:30 - 08:00,46,21
LA_COLINA_0800_0830,54508,LA COLINA,MÁLAGA,08:00 - 08:30,53,17
LA_COLINA_0830_0900,54508,LA COLINA,MÁLAGA,08:30 - 09:00,19,25
LA_COLINA_0900_0930,54508,LA COLINA,MÁLAGA,09:00 - 09:30,66,16
LA_COLINA_0930_1000,54508,LA COLINA,MÁLAGA,09:30 - 10:00,33,16
LA_COLINA_1000_1030,54508,LA COLINA,MÁLAGA,10:00 - 10:30,42,5
LA_COLINA_1030_1100,54508,LA COLINA,MÁLAGA,10:30 - 11:00,39,20
LA_COLINA_1100_1130,54508,LA COLINA,MÁLAGA,11:00 - 11:30,48,12
LA_COLINA_1130_1200,54508,LA COLINA,MÁLAGA,11:30 - 12:00,12,11
LA_COLINA_1200_1230,54508,LA COLINA,MÁLAGA,12:00 - 12:30,48,48
LA_COLINA_1230_1300,54508,LA COLINA,MÁLAGA,12:30 - 13:00,23,18
LA_COLINA_1300_1330,54508,LA COLINA,MÁLAGA,13:00 - 13:30,33,40
LA_COLINA_1330_1400,54508,LA COLINA,MÁLAGA,13:30 - 14:00,9,24
LA_COLINA_1400_1430,54508,LA COLINA,MÁLAGA,14:00 - 14:30,40,39
LA_COLINA_1430_1500,54508,LA COLINA,MÁLAGA,14:30 - 15:00,20,17
LA_COLINA_1500_1530,54508,LA COLINA,MÁLAGA,15:00 - 15:30,56,74
LA_COLINA_1530_1600,54508,LA COLINA,MÁLAGA,15:30 - 16:00,11,34
LA_COLINA_1600_1630,54508,LA COLINA,MÁLAGA,16:00 - 16:30,26,50
LA_COLINA_1630_1700,54508,LA COLINA,MÁLAGA,16:30 - 17:00,12,17
LA_COLINA_1700_1730,54508,LA COLINA,MÁLAGA,17:00 - 17:30,24,39
LA_COLINA_1730_1800,54508,LA COLINA,MÁLAGA,17:30 - 18:00,11,11
LA_COLINA_1800_1830,54508,LA COLINA,MÁLAGA,18:00 - 18:30,36,30
LA_COLINA_1830_1900,54508,LA COLINA,MÁLAGA,18:30 - 19:00,10,4
LA_COLINA_1900_1930,54508,LA COLINA,MÁLAGA,19:00 - 19:30,23,32
LA_COLINA_1930_2000,54508,LA COLINA,MÁLAGA,19:30 - 20:00,9,21
LA_COLINA_2000_2030,54508,LA COLINA,MÁLAGA,20:00 - 20:30,10,31
LA_COLINA_2030_2100,54508,LA COLINA,MÁLAGA,20:30 - 21:00,6,23
LA_COLINA_2100_2130,54508,LA COLINA,MÁLAGA,21:00 - 21:30,16,23
LA_COLINA_2130_2200,54508,LA COLINA,MÁLAGA,21:30 - 22:00,1,15
LA_COLINA_2200_2230,54508,LA COLINA,MÁLAGA,22:00 - 22:30,4,17
LA_COLINA_2230_2300,54508,LA COLINA,MÁLAGA,22:30 - 23:00,4,12
LA_COLINA_2300_2330,54508,LA COLINA,MÁLAGA,23:00 - 23:30,4,4
LA_COLINA_2330_0000,54508,LA COLINA,MÁLAGA,23:30 - 00:00,0,3
TORREMOLINOS_0000_0030,54509,TORREMOLINOS,MÁLAGA,00:00 - 00:30,1,6
TORREMOLINOS_0030_0100,54509,TORREMOLINOS,MÁLAGA,00:30 - 01:00,2,1
TORREMOLINOS_0530_0600,54509,TORREMOLINOS,MÁLAGA,05:30 - 06:00,0,6
TORREMOLINOS_0600_0630,54509,TORREMOLINOS,MÁLAGA,06:00 - 06:30,3,1
TORREMOLINOS_0630_0700,54509,TORREMOLINOS,MÁLAGA,06:30 - 07:00,27,11
TORREMOLINOS_0700_0730,54509,TORREMOLINOS,MÁLAGA,07:00 - 07:30,47,10
TORREMOLINOS_0730_0800,54509,TORREMOLINOS,MÁLAGA,07:30 - 08:00,76,30
TORREMOLINOS_0800_0830,54509,TORREMOLINOS,MÁLAGA,08:00 - 08:30,101,44
TORREMOLINOS_0830_0900,54509,TORREMOLINOS,MÁLAGA,08:30 - 09:00,88,52
TORREMOLINOS_0900_0930,54509,TORREMOLINOS,MÁLAGA,09:00 - 09:30,115,64
TORREMOLINOS_0930_1000,54509,TORREMOLINOS,MÁLAGA,09:30 - 10:00,140,73
TORREMOLINOS_1000_1030,54509,TORREMOLINOS,MÁLAGA,10:00 - 10:30,133,45
TORREMOLINOS_1030_1100,54509,TORREMOLINOS,MÁLAGA,10:30 - 11:00,181,54
TORREMOLINOS_1100_1130,54509,TORREMOLINOS,MÁLAGA,11:00 - 11:30,119,76
TORREMOLINOS_1130_1200,54509,TORREMOLINOS,MÁLAGA,11:30 - 12:00,100,75
TORREMOLINOS_1200_1230,54509,TORREMOLINOS,MÁLAGA,12:00 - 12:30,83,95
TORREMOLINOS_1230_1300,54509,TORREMOLINOS,MÁLAGA,12:30 - 13:00,77,85
TORREMOLINOS_1300_1330,54509,TORREMOLINOS,MÁLAGA,13:00 - 13:30,91,63
TORREMOLINOS_1330_1400,54509,TORREMOLINOS,MÁLAGA,13:30 - 14:00,75,106
TORREMOLINOS_1400_1430,54509,TORREMOLINOS,MÁLAGA,14:00 - 14:30,150,93
TORREMOLINOS_1430_1500,54509,TORREMOLINOS,MÁLAGA,14:30 - 15:00,68,150
TORREMOLINOS_1500_1530,54509,TORREMOLINOS,MÁLAGA,15:00 - 15:30,108,86
TORREMOLINOS_1530_1600,54509,TORREMOLINOS,MÁLAGA,15:30 - 16:00,71,128
TORREMOLINOS_1600_1630,54509,TORREMOLINOS,MÁLAGA,16:00 - 16:30,84,90
TORREMOLINOS_1630_1700,54509,TORREMOLINOS,MÁLAGA,16:30 - 17:00,75,86
TORREMOLINOS_1700_1730,54509,TORREMOLINOS,MÁLAGA,17:00 - 17:30,76,93
TORREMOLINOS_1730_1800,54509,TORREMOLINOS,MÁLAGA,17:30 - 18:00,64,86
TORREMOLINOS_1800_1830,54509,TORREMOLINOS,MÁLAGA,18:00 - 18:30,81,70
TORREMOLINOS_1830_1900,54509,TORREMOLINOS,MÁLAGA,18:30 - 19:00,68,83
TORREMOLINOS_1900_1930,54509,TORREMOLINOS,MÁLAGA,19:00 - 19:30,45,61
TORREMOLINOS_1930_2000,54509,TORREMOLINOS,MÁLAGA,19:30 - 20:00,29,97
TORREMOLINOS_2000_2030,54509,TORREMOLINOS,MÁLAGA,20:00 - 20:30,26,50
TORREMOLINOS_2030_2100,54509,TORREMOLINOS,MÁLAGA,20:30 - 21:00,49,83
TORREMOLINOS_2100_2130,54509,TORREMOLINOS,MÁLAGA,21:00 - 21:30,41,48
TORREMOLINOS_2130_2200,54509,TORREMOLINOS,MÁLAGA,21:30 - 22:00,58,66
TORREMOLINOS_2200_2230,54509,TORREMOLINOS,MÁLAGA,22:00 - 22:30,27,41
TORREMOLINOS_2230_2300,54509,TORREMOLINOS,MÁLAGA,22:30 - 23:00,7,18
TORREMOLINOS_2300_2330,54509,TORREMOLINOS,MÁLAGA,23:00 - 23:30,11,21
TORREMOLINOS_2330_0000,54509,TORREMOLINOS,MÁLAGA,23:30 - 00:00,17,11
EL_PINILLO_0000_0030,54510,EL PINILLO,MÁLAGA,00:00 - 00:30,2,1
EL_PINILLO_0030_0100,54510,EL PINILLO,MÁLAGA,00:30 - 01:00,3,1
EL_PINILLO_0530_0600,54510,EL PINILLO,MÁLAGA,05:30 - 06:00,3,4
EL_PINILLO_0600_0630,54510,EL PINILLO,MÁLAGA,06:00 - 06:30,10,3
EL_PINILLO_0630_0700,54510,EL PINILLO,MÁLAGA,06:30 - 07:00,2,2
EL_PINILLO_0700_0730,54510,EL PINILLO,MÁLAGA,07:00 - 07:30,36,9
EL_PINILLO_0730_0800,54510,EL PINILLO,MÁLAGA,07:30 - 08:00,61,49
EL_PINILLO_0800_0830,54510,EL PINILLO,MÁLAGA,08:00 - 08:30,104,31
EL_PINILLO_0830_0900,54510,EL PINILLO,MÁLAGA,08:30 - 09:00,70,44
EL_PINILLO_0900_0930,54510,EL PINILLO,MÁLAGA,09:00 - 09:30,50,32
EL_PINILLO_0930_1000,54510,EL PINILLO,MÁLAGA,09:30 - 10:00,61,34
EL_PINILLO_1000_1030,54510,EL PINILLO,MÁLAGA,10:00 - 10:30,37,9
EL_PINILLO_1030_1100,54510,EL PINILLO,MÁLAGA,10:30 - 11:00,61,17
EL_PINILLO_1100_1130,54510,EL PINILLO,MÁLAGA,11:00 - 11:30,28,12
EL_PINILLO_1130_1200,54510,EL PINILLO,MÁLAGA,11:30 - 12:00,69,34
EL_PINILLO_1200_1230,54510,EL PINILLO,MÁLAGA,12:00 - 12:30,25,18
EL_PINILLO_1230_1300,54510,EL PINILLO,MÁLAGA,12:30 - 13:00,36,36
EL_PINILLO_1300_1330,54510,EL PINILLO,MÁLAGA,13:00 - 13:30,22,22
EL_PINILLO_1330_1400,54510,EL PINILLO,MÁLAGA,13:30 - 14:00,33,58
EL_PINILLO_1400_1430,54510,EL PINILLO,MÁLAGA,14:00 - 14:30,31,30
EL_PINILLO_1430_1500,54510,EL PINILLO,MÁLAGA,14:30 - 15:00,44,83
EL_PINILLO_1500_1530,54510,EL PINILLO,MÁLAGA,15:00 - 15:30,23,44
EL_PINILLO_1530_1600,54510,EL PINILLO,MÁLAGA,15:30 - 16:00,30,86
EL_PINILLO_1600_1630,54510,EL PINILLO,MÁLAGA,16:00 - 16:30,36,29
EL_PINILLO_1630_1700,54510,EL PINILLO,MÁLAGA,16:30 - 17:00,54,60
EL_PINILLO_1700_1730,54510,EL PINILLO,MÁLAGA,17:00 - 17:30,43,16
EL_PINILLO_1730_1800,54510,EL PINILLO,MÁLAGA,17:30 - 18:00,43,56
EL_PINILLO_1800_1830,54510,EL PINILLO,MÁLAGA,18:00 - 18:30,35,25
EL_PINILLO_1830_1900,54510,EL PINILLO,MÁLAGA,18:30 - 19:00,21,57
EL_PINILLO_1900_1930,54510,EL PINILLO,MÁLAGA,19:00 - 19:30,30,33
EL_PINILLO_1930_2000,54510,EL PINILLO,MÁLAGA,19:30 - 20:00,27,39
EL_PINILLO_2000_2030,54510,EL PINILLO,MÁLAGA,20:00 - 20:30,15,30
EL_PINILLO_2030_2100,54510,EL PINILLO,MÁLAGA,20:30 - 21:00,22,38
EL_PINILLO_2100_2130,54510,EL PINILLO,MÁLAGA,21:00 - 21:30,4,25
EL_PINILLO_2130_2200,54510,EL PINILLO,MÁLAGA,21:30 - 22:00,14,41
EL_PINILLO_2200_2230,54510,EL PINILLO,MÁLAGA,22:00 - 22:30,7,15
EL_PINILLO_2230_2300,54510,EL PINILLO,MÁLAGA,22:30 - 23:00,3,11
EL_PINILLO_2300_2330,54510,EL PINILLO,MÁLAGA,23:00 - 23:30,6,12
EL_PINILLO_2330_0000,54510,EL PINILLO,MÁLAGA,23:30 - 00:00,4,12
BENALMADENA-ARROYO_DE_LA_MIEL_0000_0030,54511,BENALMADENA-ARROYO DE LA MIEL,MÁLAGA,00:00 - 00:30,11,25
BENALMADENA-ARROYO_DE_LA_MIEL_0030_0100,54511,BENALMADENA-ARROYO DE LA MIEL,MÁLAGA,00:30 - 01:00,4,3
BENALMADENA-ARROYO_DE_LA_MIEL_0530_0600,54511,BENALMADENA-ARROYO DE LA MIEL,MÁLAGA,05:30 - 06:00,6,4
BENALMADENA-ARROYO_DE_LA_MIEL_0600_0630,54511,BENALMADENA-ARROYO DE LA MIEL,MÁLAGA,06:00 - 06:30,36,13
BENALMADENA-ARROYO_DE_LA_MIEL_0700_0730,54511,BENALMADENA-ARROYO DE LA MIEL,MÁLAGA,07:00 - 07:30,64,21
BENALMADENA-ARROYO_DE_LA_MIEL_0730_0800,54511,BENALMADENA-ARROYO DE LA MIEL,MÁLAGA,07:30 - 08:00,148,76
BENALMADENA-ARROYO_DE_LA_MIEL_0800_0830,54511,BENALMADENA-ARROYO DE LA MIEL,MÁLAGA,08:00 - 08:30,104,94
BENALMADENA-ARROYO_DE_LA_MIEL_0830_0900,54511,BENALMADENA-ARROYO DE LA MIEL,MÁLAGA,08:30 - 09:00,149,50
BENALMADENA-ARROYO_DE_LA_MIEL_0900_0930,54511,BENALMADENA-ARROYO DE LA MIEL,MÁLAGA,09:00 - 09:30,139,66
BENALMADENA-ARROYO_DE_LA_MIEL_0930_1000,54511,BENALMADENA-ARROYO DE LA MIEL,MÁLAGA,09:30 - 10:00,148,88
BENALMADENA-ARROYO_DE_LA_MIEL_1000_1030,54511,BENALMADENA-ARROYO DE LA MIEL,MÁLAGA,10:00 - 10:30,138,67
BENALMADENA-ARROYO_DE_LA_MIEL_1030_1100,54511,BENALMADENA-ARROYO DE LA MIEL,MÁLAGA,10:30 - 11:00,142,79
BENALMADENA-ARROYO_DE_LA_MIEL_1100_1130,54511,BENALMADENA-ARROYO DE LA MIEL,MÁLAGA,11:00 - 11:30,106,94
BENALMADENA-ARROYO_DE_LA_MIEL_1130_1200,54511,BENALMADENA-ARROYO DE LA MIEL,MÁLAGA,11:30 - 12:00,107,64
BENALMADENA-ARROYO_DE_LA_MIEL_1200_1230,54511,BENALMADENA-ARROYO DE LA MIEL,MÁLAGA,12:00 - 12:30,117,127
BENALMADENA-ARROYO_DE_LA_MIEL_1230_1300,54511,BENALMADENA-ARROYO DE LA MIEL,MÁLAGA,12:30 - 13:00,88,89
BENALMADENA-ARROYO_DE_LA_MIEL_1300_1330,54511,BENALMADENA-ARROYO DE LA MIEL,MÁLAGA,13:00 - 13:30,84,102
BENALMADENA-ARROYO_DE_LA_MIEL_1330_1400,54511,BENALMADENA-ARROYO DE LA MIEL,MÁLAGA,13:30 - 14:00,98,105
BENALMADENA-ARROYO_DE_LA_MIEL_1400_1430,54511,BENALMADENA-ARROYO DE LA MIEL,MÁLAGA,14:00 - 14:30,96,141
BENALMADENA-ARROYO_DE_LA_MIEL_1430_1500,54511,BENALMADENA-ARROYO DE LA MIEL,MÁLAGA,14:30 - 15:00,141,167
BENALMADENA-ARROYO_DE_LA_MIEL_1500_1530,54511,BENALMADENA-ARROYO DE LA MIEL,MÁLAGA,15:00 - 15:30,118,114
BENALMADENA-ARROYO_DE_LA_MIEL_1530_1600,54511,BENALMADENA-ARROYO DE LA MIEL,MÁLAGA,15:30 - 16:00,99,147
BENALMADENA-ARROYO_DE_LA_MIEL_1600_1630,54511,BENALMADENA-ARROYO DE LA MIEL,MÁLAGA,16:00 - 16:30,76,133
BENALMADENA-ARROYO_DE_LA_MIEL_1630_1700,54511,BENALMADENA-ARROYO DE LA MIEL,MÁLAGA,16:30 - 17:00,88,116
BENALMADENA-ARROYO_DE_LA_MIEL_1700_1730,54511,BENALMADENA-ARROYO DE LA MIEL,MÁLAGA,17:00 - 17:30,97,136
BENALMADENA-ARROYO_DE_LA_MIEL_1730_1800,54511,BENALMADENA-ARROYO DE LA MIEL,MÁLAGA,17:30 - 18:00,83,76
BENALMADENA-ARROYO_DE_LA_MIEL_1800_1830,54511,BENALMADENA-ARROYO DE LA MIEL,MÁLAGA,18:00 - 18:30,81,110
BENALMADENA-ARROYO_DE_LA_MIEL_1830_1900,54511,BENALMADENA-ARROYO DE LA MIEL,MÁLAGA,18:30 - 19:00,80,97
BENALMADENA-ARROYO_DE_LA_MIEL_1900_1930,54511,BENALMADENA-ARROYO DE LA MIEL,MÁLAGA,19:00 - 19:30,98,110
BENALMADENA-ARROYO_DE_LA_MIEL_1930_2000,54511,BENALMADENA-ARROYO DE LA MIEL,MÁLAGA,19:30 - 20:00,47,72
BENALMADENA-ARROYO_DE_LA_MIEL_2000_2030,54511,BENALMADENA-ARROYO DE LA MIEL,MÁLAGA,20:00 - 20:30,57,100
BENALMADENA-ARROYO_DE_LA_MIEL_2030_2100,54511,BENALMADENA-ARROYO DE LA MIEL,MÁLAGA,20:30 - 21:00,33,87
BENALMADENA-ARROYO_DE_LA_MIEL_2100_2130,54511,BENALMADENA-ARROYO DE LA MIEL,MÁLAGA,21:00 - 21:30,28,102
BENALMADENA-ARROYO_DE_LA_MIEL_2130_2200,54511,BENALMADENA-ARROYO DE LA MIEL,MÁLAGA,21:30 - 22:00,20,68
BENALMADENA-ARROYO_DE_LA_MIEL_2200_2230,54511,BENALMADENA-ARROYO DE LA MIEL,MÁLAGA,22:00 - 22:30,16,57
BENALMADENA-ARROYO_DE_LA_MIEL_2230_2300,54511,BENALMADENA-ARROYO DE LA MIEL,MÁLAGA,22:30 - 23:00,13,41
BENALMADENA-ARROYO_DE_LA_MIEL_2300_2330,54511,BENALMADENA-ARROYO DE LA MIEL,MÁLAGA,23:00 - 23:30,16,31
BENALMADENA-ARROYO_DE_LA_MIEL_2330_0000,54511,BENALMADENA-ARROYO DE LA MIEL,MÁLAGA,23:30 - 00:00,19,22
TORREMUELLE_0000_0030,54512,TORREMUELLE,MÁLAGA,00:00 - 00:30,0,4
TORREMUELLE_0530_0600,54512,TORREMUELLE,MÁLAGA,05:30 - 06:00,0,0
TORREMUELLE_0600_0630,54512,TORREMUELLE,MÁLAGA,06:00 - 06:30,0,1
TORREMUELLE_0630_0700,54512,TORREMUELLE,MÁLAGA,06:30 - 07:00,6,0
TORREMUELLE_0700_0730,54512,TORREMUELLE,MÁLAGA,07:00 - 07:30,18,4
TORREMUELLE_0730_0800,54512,TORREMUELLE,MÁLAGA,07:30 - 08:00,6,6
TORREMUELLE_0800_0830,54512,TORREMUELLE,MÁLAGA,08:00 - 08:30,11,23
TORREMUELLE_0830_0900,54512,TORREMUELLE,MÁLAGA,08:30 - 09:00,21,45
TORREMUELLE_0900_0930,54512,TORREMUELLE,MÁLAGA,09:00 - 09:30,14,11
TORREMUELLE_0930_1000,54512,TORREMUELLE,MÁLAGA,09:30 - 10:00,26,10
TORREMUELLE_1000_1030,54512,TORREMUELLE,MÁLAGA,10:00 - 10:30,14,8
TORREMUELLE_1030_1100,54512,TORREMUELLE,MÁLAGA,10:30 - 11:00,35,1
TORREMUELLE_1100_1130,54512,TORREMUELLE,MÁLAGA,11:00 - 11:30,29,7
TORREMUELLE_1130_1200,54512,TORREMUELLE,MÁLAGA,11:30 - 12:00,10,5
TORREMUELLE_1200_1230,54512,TORREMUELLE,MÁLAGA,12:00 - 12:30,5,11
TORREMUELLE_1230_1300,54512,TORREMUELLE,MÁLAGA,12:30 - 13:00,21,7
TORREMUELLE_1300_1330,54512,TORREMUELLE,MÁLAGA,13:00 - 13:30,12,7
TORREMUELLE_1330_1400,54512,TORREMUELLE,MÁLAGA,13:30 - 14:00,12,24
TORREMUELLE_1400_1430,54512,TORREMUELLE,MÁLAGA,14:00 - 14:30,10,27
TORREMUELLE_1430_1500,54512,TORREMUELLE,MÁLAGA,14:30 - 15:00,13,21
TORREMUELLE_1500_1530,54512,TORREMUELLE,MÁLAGA,15:00 - 15:30,13,32
TORREMUELLE_1530_1600,54512,TORREMUELLE,MÁLAGA,15:30 - 16:00,8,7
TORREMUELLE_1600_1630,54512,TORREMUELLE,MÁLAGA,16:00 - 16:30,55,26
TORREMUELLE_1630_1700,54512,TORREMUELLE,MÁLAGA,16:30 - 17:00,19,9
TORREMUELLE_1700_1730,54512,TORREMUELLE,MÁLAGA,17:00 - 17:30,25,29
TORREMUELLE_1730_1800,54512,TORREMUELLE,MÁLAGA,17:30 - 18:00,12,9
TORREMUELLE_1800_1830,54512,TORREMUELLE,MÁLAGA,18:00 - 18:30,19,23
TORREMUELLE_1830_1900,54512,TORREMUELLE,MÁLAGA,18:30 - 19:00,13,12
TORREMUELLE_1900_1930,54512,TORREMUELLE,MÁLAGA,19:00 - 19:30,6,18
TORREMUELLE_1930_2000,54512,TORREMUELLE,MÁLAGA,19:30 - 20:00,6,14
TORREMUELLE_2000_2030,54512,TORREMUELLE,MÁLAGA,20:00 - 20:30,15,35
TORREMUELLE_2030_2100,54512,TORREMUELLE,MÁLAGA,20:30 - 21:00,1,13
TORREMUELLE_2100_2130,54512,TORREMUELLE,MÁLAGA,21:00 - 21:30,7,29
TORREMUELLE_2130_2200,54512,TORREMUELLE,MÁLAGA,21:30 - 22:00,5,7
TORREMUELLE_2200_2230,54512,TORREMUELLE,MÁLAGA,22:00 - 22:30,2,14
TORREMUELLE_2230_2300,54512,TORREMUELLE,MÁLAGA,22:30 - 23:00,0,8
TORREMUELLE_2300_2330,54512,TORREMUELLE,MÁLAGA,23:00 - 23:30,6,6
TORREMUELLE_2330_0000,54512,TORREMUELLE,MÁLAGA,23:30 - 00:00,0,6
CARVAJAL_0000_0030,54513,CARVAJAL,MÁLAGA,00:00 - 00:30,0,1
CARVAJAL_0530_0600,54513,CARVAJAL,MÁLAGA,05:30 - 06:00,0,0
CARVAJAL_0600_0630,54513,CARVAJAL,MÁLAGA,06:00 - 06:30,4,0
CARVAJAL_0630_0700,54513,CARVAJAL,MÁLAGA,06:30 - 07:00,5,0
CARVAJAL_0700_0730,54513,CARVAJAL,MÁLAGA,07:00 - 07:30,9,6
CARVAJAL_0730_0800,54513,CARVAJAL,MÁLAGA,07:30 - 08:00,18,4
CARVAJAL_0800_0830,54513,CARVAJAL,MÁLAGA,08:00 - 08:30,18,4
CARVAJAL_0830_0900,54513,CARVAJAL,MÁLAGA,08:30 - 09:00,13,1
CARVAJAL_0900_0930,54513,CARVAJAL,MÁLAGA,09:00 - 09:30,16,5
CARVAJAL_0930_1000,54513,CARVAJAL,MÁLAGA,09:30 - 10:00,13,4
CARVAJAL_1000_1030,54513,CARVAJAL,MÁLAGA,10:00 - 10:30,31,5
CARVAJAL_1030_1100,54513,CARVAJAL,MÁLAGA,10:30 - 11:00,8,5
CARVAJAL_1100_1130,54513,CARVAJAL,MÁLAGA,11:00 - 11:30,34,9
CARVAJAL_1130_1200,54513,CARVAJAL,MÁLAGA,11:30 - 12:00,5,5
CARVAJAL_1200_1230,54513,CARVAJAL,MÁLAGA,12:00 - 12:30,15,13
CARVAJAL_1230_1300,54513,CARVAJAL,MÁLAGA,12:30 - 13:00,8,2
CARVAJAL_1300_1330,54513,CARVAJAL,MÁLAGA,13:00 - 13:30,10,25
CARVAJAL_1330_1400,54513,CARVAJAL,MÁLAGA,13:30 - 14:00,4,13
CARVAJAL_1400_1430,54513,CARVAJAL,MÁLAGA,14:00 - 14:30,13,9
CARVAJAL_1430_1500,54513,CARVAJAL,MÁLAGA,14:30 - 15:00,10,7
CARVAJAL_1500_1530,54513,CARVAJAL,MÁLAGA,15:00 - 15:30,10,24
CARVAJAL_1530_1600,54513,CARVAJAL,MÁLAGA,15:30 - 16:00,1,3
CARVAJAL_1600_1630,54513,CARVAJAL,MÁLAGA,16:00 - 16:30,11,17
CARVAJAL_1630_1700,54513,CARVAJAL,MÁLAGA,16:30 - 17:00,13,12
CARVAJAL_1700_1730,54513,CARVAJAL,MÁLAGA,17:00 - 17:30,7,15
CARVAJAL_1730_1800,54513,CARVAJAL,MÁLAGA,17:30 - 18:00,5,4
CARVAJAL_1800_1830,54513,CARVAJAL,MÁLAGA,18:00 - 18:30,16,15
CARVAJAL_1830_1900,54513,CARVAJAL,MÁLAGA,18:30 - 19:00,5,8
CARVAJAL_1900_1930,54513,CARVAJAL,MÁLAGA,19:00 - 19:30,7,24
CARVAJAL_1930_2000,54513,CARVAJAL,MÁLAGA,19:30 - 20:00,0,7
CARVAJAL_2000_2030,54513,CARVAJAL,MÁLAGA,20:00 - 20:30,4,15
CARVAJAL_2030_2100,54513,CARVAJAL,MÁLAGA,20:30 - 21:00,0,8
CARVAJAL_2100_2130,54513,CARVAJAL,MÁLAGA,21:00 - 21:30,1,15
CARVAJAL_2130_2200,54513,CARVAJAL,MÁLAGA,21:30 - 22:00,5,5
CARVAJAL_2200_2230,54513,CARVAJAL,MÁLAGA,22:00 - 22:30,1,4
CARVAJAL_2230_2300,54513,CARVAJAL,MÁLAGA,22:30 - 23:00,1,3
CARVAJAL_2300_2330,54513,CARVAJAL,MÁLAGA,23:00 - 23:30,0,3
CARVAJAL_2330_0000,54513,CARVAJAL,MÁLAGA,23:30 - 00:00,1,4
TORREBLANCA_0000_0030,54514,TORREBLANCA,MÁLAGA,00:00 - 00:30,2,6
TORREBLANCA_0600_0630,54514,TORREBLANCA,MÁLAGA,06:00 - 06:30,4,2
TORREBLANCA_0630_0700,54514,TORREBLANCA,MÁLAGA,06:30 - 07:00,16,3
TORREBLANCA_0700_0730,54514,TORREBLANCA,MÁLAGA,07:00 - 07:30,20,4
TORREBLANCA_0730_0800,54514,TORREBLANCA,MÁLAGA,07:30 - 08:00,15,13
TORREBLANCA_0800_0830,54514,TORREBLANCA,MÁLAGA,08:00 - 08:30,37,8
TORREBLANCA_0830_0900,54514,TORREBLANCA,MÁLAGA,08:30 - 09:00,22,6
TORREBLANCA_0900_0930,54514,TORREBLANCA,MÁLAGA,09:00 - 09:30,40,15
TORREBLANCA_0930_1000,54514,TORREBLANCA,MÁLAGA,09:30 - 10:00,35,5
TORREBLANCA_1000_1030,54514,TORREBLANCA,MÁLAGA,10:00 - 10:30,69,15
TORREBLANCA_1030_1100,54514,TORREBLANCA,MÁLAGA,10:30 - 11:00,29,2
TORREBLANCA_1100_1130,54514,TORREBLANCA,MÁLAGA,11:00 - 11:30,30,9
TORREBLANCA_1130_1200,54514,TORREBLANCA,MÁLAGA,11:30 - 12:00,15,9
TORREBLANCA_1200_1230,54514,TORREBLANCA,MÁLAGA,12:00 - 12:30,22,15
TORREBLANCA_1230_1300,54514,TORREBLANCA,MÁLAGA,12:30 - 13:00,5,10
TORREBLANCA_1300_1330,54514,TORREBLANCA,MÁLAGA,13:00 - 13:30,28,35
TORREBLANCA_1330_1400,54514,TORREBLANCA,MÁLAGA,13:30 - 14:00,18,27
TORREBLANCA_1400_1430,54514,TORREBLANCA,MÁLAGA,14:00 - 14:30,29,46
TORREBLANCA_1430_1500,54514,TORREBLANCA,MÁLAGA,14:30 - 15:00,9,16
TORREBLANCA_1500_1530,54514,TORREBLANCA,MÁLAGA,15:00 - 15:30,25,29
TORREBLANCA_1530_1600,54514,TORREBLANCA,MÁLAGA,15:30 - 16:00,19,24
TORREBLANCA_1600_1630,54514,TORREBLANCA,MÁLAGA,16:00 - 16:30,25,25
TORREBLANCA_1630_1700,54514,TORREBLANCA,MÁLAGA,16:30 - 17:00,19,33
TORREBLANCA_1700_1730,54514,TORREBLANCA,MÁLAGA,17:00 - 17:30,35,27
TORREBLANCA_1730_1800,54514,TORREBLANCA,MÁLAGA,17:30 - 18:00,11,16
TORREBLANCA_1800_1830,54514,TORREBLANCA,MÁLAGA,18:00 - 18:30,16,36
TORREBLANCA_1830_1900,54514,TORREBLANCA,MÁLAGA,18:30 - 19:00,6,8
TORREBLANCA_1900_1930,54514,TORREBLANCA,MÁLAGA,19:00 - 19:30,10,43
TORREBLANCA_1930_2000,54514,TORREBLANCA,MÁLAGA,19:30 - 20:00,6,21
TORREBLANCA_2000_2030,54514,TORREBLANCA,MÁLAGA,20:00 - 20:30,9,33
TORREBLANCA_2030_2100,54514,TORREBLANCA,MÁLAGA,20:30 - 21:00,7,12
TORREBLANCA_2100_2130,54514,TORREBLANCA,MÁLAGA,21:00 - 21:30,8,17
TORREBLANCA_2130_2200,54514,TORREBLANCA,MÁLAGA,21:30 - 22:00,3,12
TORREBLANCA_2200_2230,54514,TORREBLANCA,MÁLAGA,22:00 - 22:30,0,19
TORREBLANCA_2230_2300,54514,TORREBLANCA,MÁLAGA,22:30 - 23:00,2,15
TORREBLANCA_2300_2330,54514,TORREBLANCA,MÁLAGA,23:00 - 23:30,2,4
TORREBLANCA_2330_0000,54514,TORREBLANCA,MÁLAGA,23:30 - 00:00,2,5
LOS_BOLICHES_0000_0030,54515,LOS BOLICHES,MÁLAGA,00:00 - 00:30,7,13
LOS_BOLICHES_0600_0630,54515,LOS BOLICHES,MÁLAGA,06:00 - 06:30,8,1
LOS_BOLICHES_0630_0700,54515,LOS BOLICHES,MÁLAGA,06:30 - 07:00,19,1
LOS_BOLICHES_0700_0730,54515,LOS BOLICHES,MÁLAGA,07:00 - 07:30,26,9
LOS_BOLICHES_0730_0800,54515,LOS BOLICHES,MÁLAGA,07:30 - 08:00,30,21
LOS_BOLICHES_0800_0830,54515,LOS BOLICHES,MÁLAGA,08:00 - 08:30,52,20
LOS_BOLICHES_0830_0900,54515,LOS BOLICHES,MÁLAGA,08:30 - 09:00,27,54
LOS_BOLICHES_0900_0930,54515,LOS BOLICHES,MÁLAGA,09:00 - 09:30,58,16
LOS_BOLICHES_0930_1000,54515,LOS BOLICHES,MÁLAGA,09:30 - 10:00,22,54
LOS_BOLICHES_1000_1030,54515,LOS BOLICHES,MÁLAGA,10:00 - 10:30,65,62
LOS_BOLICHES_1030_1100,54515,LOS BOLICHES,MÁLAGA,10:30 - 11:00,40,114
LOS_BOLICHES_1100_1130,54515,LOS BOLICHES,MÁLAGA,11:00 - 11:30,50,29
LOS_BOLICHES_1130_1200,54515,LOS BOLICHES,MÁLAGA,11:30 - 12:00,30,77
LOS_BOLICHES_1200_1230,54515,LOS BOLICHES,MÁLAGA,12:00 - 12:30,78,62
LOS_BOLICHES_1230_1300,54515,LOS BOLICHES,MÁLAGA,12:30 - 13:00,38,43
LOS_BOLICHES_1300_1330,54515,LOS BOLICHES,MÁLAGA,13:00 - 13:30,77,22
LOS_BOLICHES_1330_1400,54515,LOS BOLICHES,MÁLAGA,13:30 - 14:00,46,55
LOS_BOLICHES_1400_1430,54515,LOS BOLICHES,MÁLAGA,14:00 - 14:30,108,59
LOS_BOLICHES_1430_1500,54515,LOS BOLICHES,MÁLAGA,14:30 - 15:00,39,75
LOS_BOLICHES_1500_1530,54515,LOS BOLICHES,MÁLAGA,15:00 - 15:30,69,52
LOS_BOLICHES_1530_1600,54515,LOS BOLICHES,MÁLAGA,15:30 - 16:00,32,82
LOS_BOLICHES_1600_1630,54515,LOS BOLICHES,MÁLAGA,16:00 - 16:30,63,44
LOS_BOLICHES_1630_1700,54515,LOS BOLICHES,MÁLAGA,16:30 - 17:00,42,65
LOS_BOLICHES_1700_1730,54515,LOS BOLICHES,MÁLAGA,17:00 - 17:30,59,43
LOS_BOLICHES_1730_1800,54515,LOS BOLICHES,MÁLAGA,17:30 - 18:00,33,54
LOS_BOLICHES_1800_1830,54515,LOS BOLICHES,MÁLAGA,18:00 - 18:30,59,29
LOS_BOLICHES_1830_1900,54515,LOS BOLICHES,MÁLAGA,18:30 - 19:00,24,64
LOS_BOLICHES_1900_1930,54515,LOS BOLICHES,MÁLAGA,19:00 - 19:30,48,25
LOS_BOLICHES_1930_2000,54515,LOS BOLICHES,MÁLAGA,19:30 - 20:00,22,27
LOS_BOLICHES_2000_2030,54515,LOS BOLICHES,MÁLAGA,20:00 - 20:30,28,19
LOS_BOLICHES_2030_2100,54515,LOS BOLICHES,MÁLAGA,20:30 - 21:00,16,40
LOS_BOLICHES_2100_2130,54515,LOS BOLICHES,MÁLAGA,21:00 - 21:30,22,18
LOS_BOLICHES_2130_2200,54515,LOS BOLICHES,MÁLAGA,21:30 - 22:00,8,39
LOS_BOLICHES_2200_2230,54515,LOS BOLICHES,MÁLAGA,22:00 - 22:30,13,10
LOS_BOLICHES_2230_2300,54515,LOS BOLICHES,MÁLAGA,22:30 - 23:00,8,11
LOS_BOLICHES_2300_2330,54515,LOS BOLICHES,MÁLAGA,23:00 - 23:30,7,15
LOS_BOLICHES_2330_0000,54515,LOS BOLICHES,MÁLAGA,23:30 - 00:00,14,7
FUENGIROLA_0000_0030,54516,FUENGIROLA,MÁLAGA,00:00 - 00:30,12,29
FUENGIROLA_0600_0630,54516,FUENGIROLA,MÁLAGA,06:00 - 06:30,27,15
FUENGIROLA_0630_0700,54516,FUENGIROLA,MÁLAGA,06:30 - 07:00,67,20
FUENGIROLA_0700_0730,54516,FUENGIROLA,MÁLAGA,07:00 - 07:30,60,28
FUENGIROLA_0730_0800,54516,FUENGIROLA,MÁLAGA,07:30 - 08:00,75,80
FUENGIROLA_0800_0830,54516,FUENGIROLA,MÁLAGA,08:00 - 08:30,167,69
FUENGIROLA_0830_0900,54516,FUENGIROLA,MÁLAGA,08:30 - 09:00,70,123
FUENGIROLA_0900_0930,54516,FUENGIROLA,MÁLAGA,09:00 - 09:30,159,58
FUENGIROLA_0930_1000,54516,FUENGIROLA,MÁLAGA,09:30 - 10:00,61,161
FUENGIROLA_1000_1030,54516,FUENGIROLA,MÁLAGA,10:00 - 10:30,135,118
FUENGIROLA_1030_1100,54516,FUENGIROLA,MÁLAGA,10:30 - 11:00,72,91
FUENGIROLA_1100_1130,54516,FUENGIROLA,MÁLAGA,11:00 - 11:30,159,212
FUENGIROLA_1130_1200,54516,FUENGIROLA,MÁLAGA,11:30 - 12:00,61,130
FUENGIROLA_1200_1230,54516,FUENGIROLA,MÁLAGA,12:00 - 12:30,171,57
FUENGIROLA_1230_1300,54516,FUENGIROLA,MÁLAGA,12:30 - 13:00,72,110
FUENGIROLA_1300_1330,54516,FUENGIROLA,MÁLAGA,13:00 - 13:30,120,58
FUENGIROLA_1330_1400,54516,FUENGIROLA,MÁLAGA,13:30 - 14:00,94,137
FUENGIROLA_1400_1430,54516,FUENGIROLA,MÁLAGA,14:00 - 14:30,263,67
FUENGIROLA_1430_1500,54516,FUENGIROLA,MÁLAGA,14:30 - 15:00,82,205
FUENGIROLA_1500_1530,54516,FUENGIROLA,MÁLAGA,15:00 - 15:30,210,54
FUENGIROLA_1530_1600,54516,FUENGIROLA,MÁLAGA,15:30 - 16:00,90,100
FUENGIROLA_1600_1630,54516,FUENGIROLA,MÁLAGA,16:00 - 16:30,202,131
FUENGIROLA_1630_1700,54516,FUENGIROLA,MÁLAGA,16:30 - 17:00,62,194
FUENGIROLA_1700_1730,54516,FUENGIROLA,MÁLAGA,17:00 - 17:30,148,56
FUENGIROLA_1730_1800,54516,FUENGIROLA,MÁLAGA,17:30 - 18:00,43,133
FUENGIROLA_1800_1830,54516,FUENGIROLA,MÁLAGA,18:00 - 18:30,140,73
FUENGIROLA_1830_1900,54516,FUENGIROLA,MÁLAGA,18:30 - 19:00,43,133
FUENGIROLA_1900_1930,54516,FUENGIROLA,MÁLAGA,19:00 - 19:30,101,58
FUENGIROLA_1930_2000,54516,FUENGIROLA,MÁLAGA,19:30 - 20:00,35,108
FUENGIROLA_2000_2030,54516,FUENGIROLA,MÁLAGA,20:00 - 20:30,104,53
FUENGIROLA_2030_2100,54516,FUENGIROLA,MÁLAGA,20:30 - 21:00,41,115
FUENGIROLA_2100_2130,54516,FUENGIROLA,MÁLAGA,21:00 - 21:30,69,35
FUENGIROLA_2130_2200,54516,FUENGIROLA,MÁLAGA,21:30 - 22:00,18,111
FUENGIROLA_2200_2230,54516,FUENGIROLA,MÁLAGA,22:00 - 22:30,58,27
FUENGIROLA_2230_2300,54516,FUENGIROLA,MÁLAGA,22:30 - 23:00,43,47
FUENGIROLA_2300_2330,54516,FUENGIROLA,MÁLAGA,23:00 - 23:30,15,29
FUENGIROLA_2330_0000,54516,FUENGIROLA,MÁLAGA,23:30 - 00:00,12,40
MALAGA-CENTRO_ALAMEDA_0000_0030,54517,MALAGA-CENTRO ALAMEDA,MÁLAGA,00:00 - 00:30,0,42
MALAGA-CENTRO_ALAMEDA_0030_0100,54517,MALAGA-CENTRO ALAMEDA,MÁLAGA,00:30 - 01:00,0,13
MALAGA-CENTRO_ALAMEDA_0500_0530,54517,MALAGA-CENTRO ALAMEDA,MÁLAGA,05:00 - 05:30,18,0
MALAGA-CENTRO_ALAMEDA_0530_0600,54517,MALAGA-CENTRO ALAMEDA,MÁLAGA,05:30 - 06:00,22,0
MALAGA-CENTRO_ALAMEDA_0600_0630,54517,MALAGA-CENTRO ALAMEDA,MÁLAGA,06:00 - 06:30,18,0
MALAGA-CENTRO_ALAMEDA_0630_0700,54517,MALAGA-CENTRO ALAMEDA,MÁLAGA,06:30 - 07:00,26,36
MALAGA-CENTRO_ALAMEDA_0700_0730,54517,MALAGA-CENTRO ALAMEDA,MÁLAGA,07:00 - 07:30,92,49
MALAGA-CENTRO_ALAMEDA_0730_0800,54517,MALAGA-CENTRO ALAMEDA,MÁLAGA,07:30 - 08:00,39,98
MALAGA-CENTRO_ALAMEDA_0800_0830,54517,MALAGA-CENTRO ALAMEDA,MÁLAGA,08:00 - 08:30,65,151
MALAGA-CENTRO_ALAMEDA_0830_0900,54517,MALAGA-CENTRO ALAMEDA,MÁLAGA,08:30 - 09:00,90,260
MALAGA-CENTRO_ALAMEDA_0900_0930,54517,MALAGA-CENTRO ALAMEDA,MÁLAGA,09:00 - 09:30,83,253
MALAGA-CENTRO_ALAMEDA_0930_1000,54517,MALAGA-CENTRO ALAMEDA,MÁLAGA,09:30 - 10:00,39,211
MALAGA-CENTRO_ALAMEDA_1000_1030,54517,MALAGA-CENTRO ALAMEDA,MÁLAGA,10:00 - 10:30,85,209
MALAGA-CENTRO_ALAMEDA_1030_1100,54517,MALAGA-CENTRO ALAMEDA,MÁLAGA,10:30 - 11:00,55,135
MALAGA-CENTRO_ALAMEDA_1100_1130,54517,MALAGA-CENTRO ALAMEDA,MÁLAGA,11:00 - 11:30,84,312
MALAGA-CENTRO_ALAMEDA_1130_1200,54517,MALAGA-CENTRO ALAMEDA,MÁLAGA,11:30 - 12:00,93,98
MALAGA-CENTRO_ALAMEDA_1200_1230,54517,MALAGA-CENTRO ALAMEDA,MÁLAGA,12:00 - 12:30,139,206
MALAGA-CENTRO_ALAMEDA_1230_1300,54517,MALAGA-CENTRO ALAMEDA,MÁLAGA,12:30 - 13:00,71,110
MALAGA-CENTRO_ALAMEDA_1300_1330,54517,MALAGA-CENTRO ALAMEDA,MÁLAGA,13:00 - 13:30,84,166
MALAGA-CENTRO_ALAMEDA_1330_1400,54517,MALAGA-CENTRO ALAMEDA,MÁLAGA,13:30 - 14:00,219,75
MALAGA-CENTRO_ALAMEDA_1400_1430,54517,MALAGA-CENTRO ALAMEDA,MÁLAGA,14:00 - 14:30,301,175
MALAGA-CENTRO_ALAMEDA_1430_1500,54517,MALAGA-CENTRO ALAMEDA,MÁLAGA,14:30 - 15:00,152,98
MALAGA-CENTRO_ALAMEDA_1500_1530,54517,MALAGA-CENTRO ALAMEDA,MÁLAGA,15:00 - 15:30,213,160
MALAGA-CENTRO_ALAMEDA_1530_1600,54517,MALAGA-CENTRO ALAMEDA,MÁLAGA,15:30 - 16:00,135,62
MALAGA-CENTRO_ALAMEDA_1600_1630,54517,MALAGA-CENTRO ALAMEDA,MÁLAGA,16:00 - 16:30,178,130
MALAGA-CENTRO_ALAMEDA_1630_1700,54517,MALAGA-CENTRO ALAMEDA,MÁLAGA,16:30 - 17:00,79,100
MALAGA-CENTRO_ALAMEDA_1700_1730,54517,MALAGA-CENTRO ALAMEDA,MÁLAGA,17:00 - 17:30,195,120
MALAGA-CENTRO_ALAMEDA_1730_1800,54517,MALAGA-CENTRO ALAMEDA,MÁLAGA,17:30 - 18:00,104,83
MALAGA-CENTRO_ALAMEDA_1800_1830,54517,MALAGA-CENTRO ALAMEDA,MÁLAGA,18:00 - 18:30,118,98
MALAGA-CENTRO_ALAMEDA_1830_1900,54517,MALAGA-CENTRO ALAMEDA,MÁLAGA,18:30 - 19:00,223,70
MALAGA-CENTRO_ALAMEDA_1900_1930,54517,MALAGA-CENTRO ALAMEDA,MÁLAGA,19:00 - 19:30,136,100
MALAGA-CENTRO_ALAMEDA_1930_2000,54517,MALAGA-CENTRO ALAMEDA,MÁLAGA,19:30 - 20:00,106,52
MALAGA-CENTRO_ALAMEDA_2000_2030,54517,MALAGA-CENTRO ALAMEDA,MÁLAGA,20:00 - 20:30,115,66
MALAGA-CENTRO_ALAMEDA_2030_2100,54517,MALAGA-CENTRO ALAMEDA,MÁLAGA,20:30 - 21:00,120,27
MALAGA-CENTRO_ALAMEDA_2100_2130,54517,MALAGA-CENTRO ALAMEDA,MÁLAGA,21:00 - 21:30,127,70
MALAGA-CENTRO_ALAMEDA_2130_2200,54517,MALAGA-CENTRO ALAMEDA,MÁLAGA,21:30 - 22:00,16,18
MALAGA-CENTRO_ALAMEDA_2200_2230,54517,MALAGA-CENTRO ALAMEDA,MÁLAGA,22:00 - 22:30,101,31
MALAGA-CENTRO_ALAMEDA_2230_2300,54517,MALAGA-CENTRO ALAMEDA,MÁLAGA,22:30 - 23:00,0,21
MALAGA-CENTRO_ALAMEDA_2300_2330,54517,MALAGA-CENTRO ALAMEDA,MÁLAGA,23:00 - 23:30,40,12
MALAGA-CENTRO_ALAMEDA_2330_0000,54517,MALAGA-CENTRO ALAMEDA,MÁLAGA,23:30 - 00:00,0,22
LOS_ALAMOS_0000_0030,54518,LOS ALAMOS,MÁLAGA,00:00 - 00:30,1,0
LOS_ALAMOS_0030_0100,54518,LOS ALAMOS,MÁLAGA,00:30 - 01:00,0,1
LOS_ALAMOS_0530_0600,54518,LOS ALAMOS,MÁLAGA,05:30 - 06:00,0,1
LOS_ALAMOS_0600_0630,54518,LOS ALAMOS,MÁLAGA,06:00 - 06:30,0,1
LOS_ALAMOS_0630_0700,54518,LOS ALAMOS,MÁLAGA,06:30 - 07:00,2,2
LOS_ALAMOS_0700_0730,54518,LOS ALAMOS,MÁLAGA,07:00 - 07:30,6,6
LOS_ALAMOS_0730_0800,54518,LOS ALAMOS,MÁLAGA,07:30 - 08:00,4,7
LOS_ALAMOS_0800_0830,54518,LOS ALAMOS,MÁLAGA,08:00 - 08:30,21,22
LOS_ALAMOS_0830_0900,54518,LOS ALAMOS,MÁLAGA,08:30 - 09:00,13,10
LOS_ALAMOS_0900_0930,54518,LOS ALAMOS,MÁLAGA,09:00 - 09:30,17,5
LOS_ALAMOS_0930_1000,54518,LOS ALAMOS,MÁLAGA,09:30 - 10:00,13,5
LOS_ALAMOS_1000_1030,54518,LOS ALAMOS,MÁLAGA,10:00 - 10:30,17,4
LOS_ALAMOS_1030_1100,54518,LOS ALAMOS,MÁLAGA,10:30 - 11:00,11,3
LOS_ALAMOS_1100_1130,54518,LOS ALAMOS,MÁLAGA,11:00 - 11:30,26,14
LOS_ALAMOS_1130_1200,54518,LOS ALAMOS,MÁLAGA,11:30 - 12:00,10,2
LOS_ALAMOS_1200_1230,54518,LOS ALAMOS,MÁLAGA,12:00 - 12:30,17,10
LOS_ALAMOS_1230_1300,54518,LOS ALAMOS,MÁLAGA,12:30 - 13:00,8,7
LOS_ALAMOS_1300_1330,54518,LOS ALAMOS,MÁLAGA,13:00 - 13:30,14,25
LOS_ALAMOS_1330_1400,54518,LOS ALAMOS,MÁLAGA,13:30 - 14:00,10,7
LOS_ALAMOS_1400_1430,54518,LOS ALAMOS,MÁLAGA,14:00 - 14:30,10,24
LOS_ALAMOS_1430_1500,54518,LOS ALAMOS,MÁLAGA,14:30 - 15:00,17,14
LOS_ALAMOS_1500_1530,54518,LOS ALAMOS,MÁLAGA,15:00 - 15:30,12,22
LOS_ALAMOS_1530_1600,54518,LOS ALAMOS,MÁLAGA,15:30 - 16:00,6,3
LOS_ALAMOS_1600_1630,54518,LOS ALAMOS,MÁLAGA,16:00 - 16:30,19,23
LOS_ALAMOS_1630_1700,54518,LOS ALAMOS,MÁLAGA,16:30 - 17:00,2,7
LOS_ALAMOS_1700_1730,54518,LOS ALAMOS,MÁLAGA,17:00 - 17:30,18,9
LOS_ALAMOS_1730_1800,54518,LOS ALAMOS,MÁLAGA,17:30 - 18:00,4,6
LOS_ALAMOS_1800_1830,54518,LOS ALAMOS,MÁLAGA,18:00 - 18:30,17,19
LOS_ALAMOS_1830_1900,54518,LOS ALAMOS,MÁLAGA,18:30 - 19:00,3,15
LOS_ALAMOS_1900_1930,54518,LOS ALAMOS,MÁLAGA,19:00 - 19:30,13,11
LOS_ALAMOS_1930_2000,54518,LOS ALAMOS,MÁLAGA,19:30 - 20:00,2,11
LOS_ALAMOS_2000_2030,54518,LOS ALAMOS,MÁLAGA,20:00 - 20:30,13,11
LOS_ALAMOS_2030_2100,54518,LOS ALAMOS,MÁLAGA,20:30 - 21:00,3,9
LOS_ALAMOS_2100_2130,54518,LOS ALAMOS,MÁLAGA,21:00 - 21:30,1,13
LOS_ALAMOS_2130_2200,54518,LOS ALAMOS,MÁLAGA,21:30 - 22:00,0,4
LOS_ALAMOS_2200_2230,54518,LOS ALAMOS,MÁLAGA,22:00 - 22:30,0,6
LOS_ALAMOS_2230_2300,54518,LOS ALAMOS,MÁLAGA,22:30 - 23:00,6,7
LOS_ALAMOS_2300_2330,54518,LOS ALAMOS,MÁLAGA,23:00 - 23:30,0,4
LOS_ALAMOS_2330_0000,54518,LOS ALAMOS,MÁLAGA,23:30 - 00:00,0,1
MONTEMAR_ALTO_0000_0030,54519,MONTEMAR ALTO,MÁLAGA,00:00 - 00:30,0,2
MONTEMAR_ALTO_0030_0100,54519,MONTEMAR ALTO,MÁLAGA,00:30 - 01:00,1,4
MONTEMAR_ALTO_0530_0600,54519,MONTEMAR ALTO,MÁLAGA,05:30 - 06:00,0,0
MONTEMAR_ALTO_0600_0630,54519,MONTEMAR ALTO,MÁLAGA,06:00 - 06:30,1,0
MONTEMAR_ALTO_0630_0700,54519,MONTEMAR ALTO,MÁLAGA,06:30 - 07:00,11,3
MONTEMAR_ALTO_0700_0730,54519,MONTEMAR ALTO,MÁLAGA,07:00 - 07:30,20,5
MONTEMAR_ALTO_0730_0800,54519,MONTEMAR ALTO,MÁLAGA,07:30 - 08:00,40,11
MONTEMAR_ALTO_0800_0830,54519,MONTEMAR ALTO,MÁLAGA,08:00 - 08:30,42,59
MONTEMAR_ALTO_0830_0900,54519,MONTEMAR ALTO,MÁLAGA,08:30 - 09:00,39,26
MONTEMAR_ALTO_0900_0930,54519,MONTEMAR ALTO,MÁLAGA,09:00 - 09:30,48,18
MONTEMAR_ALTO_0930_1000,54519,MONTEMAR ALTO,MÁLAGA,09:30 - 10:00,24,19
MONTEMAR_ALTO_1000_1030,54519,MONTEMAR ALTO,MÁLAGA,10:00 - 10:30,21,26
MONTEMAR_ALTO_1030_1100,54519,MONTEMAR ALTO,MÁLAGA,10:30 - 11:00,51,6
MONTEMAR_ALTO_1100_1130,54519,MONTEMAR ALTO,MÁLAGA,11:00 - 11:30,18,16
MONTEMAR_ALTO_1130_1200,54519,MONTEMAR ALTO,MÁLAGA,11:30 - 12:00,12,31
MONTEMAR_ALTO_1200_1230,54519,MONTEMAR ALTO,MÁLAGA,12:00 - 12:30,25,18
MONTEMAR_ALTO_1230_1300,54519,MONTEMAR ALTO,MÁLAGA,12:30 - 13:00,11,18
MONTEMAR_ALTO_1300_1330,54519,MONTEMAR ALTO,MÁLAGA,13:00 - 13:30,26,23
MONTEMAR_ALTO_1330_1400,54519,MONTEMAR ALTO,MÁLAGA,13:30 - 14:00,14,33
MONTEMAR_ALTO_1400_1430,54519,MONTEMAR ALTO,MÁLAGA,14:00 - 14:30,28,32
MONTEMAR_ALTO_1430_1500,54519,MONTEMAR ALTO,MÁLAGA,14:30 - 15:00,31,59
MONTEMAR_ALTO_1500_1530,54519,MONTEMAR ALTO,MÁLAGA,15:00 - 15:30,60,35
MONTEMAR_ALTO_1530_1600,54519,MONTEMAR ALTO,MÁLAGA,15:30 - 16:00,24,39
MONTEMAR_ALTO_1600_1630,54519,MONTEMAR ALTO,MÁLAGA,16:00 - 16:30,38,20
MONTEMAR_ALTO_1630_1700,54519,MONTEMAR ALTO,MÁLAGA,16:30 - 17:00,12,27
MONTEMAR_ALTO_1700_1730,54519,MONTEMAR ALTO,MÁLAGA,17:00 - 17:30,26,32
MONTEMAR_ALTO_1730_1800,54519,MONTEMAR ALTO,MÁLAGA,17:30 - 18:00,27,47
MONTEMAR_ALTO_1800_1830,54519,MONTEMAR ALTO,MÁLAGA,18:00 - 18:30,23,24
MONTEMAR_ALTO_1830_1900,54519,MONTEMAR ALTO,MÁLAGA,18:30 - 19:00,16,45
MONTEMAR_ALTO_1900_1930,54519,MONTEMAR ALTO,MÁLAGA,19:00 - 19:30,18,24
MONTEMAR_ALTO_1930_2000,54519,MONTEMAR ALTO,MÁLAGA,19:30 - 20:00,22,50
MONTEMAR_ALTO_2000_2030,54519,MONTEMAR ALTO,MÁLAGA,20:00 - 20:30,9,20
MONTEMAR_ALTO_2030_2100,54519,MONTEMAR ALTO,MÁLAGA,20:30 - 21:00,10,27
MONTEMAR_ALTO_2100_2130,54519,MONTEMAR ALTO,MÁLAGA,21:00 - 21:30,12,17
MONTEMAR_ALTO_2130_2200,54519,MONTEMAR ALTO,MÁLAGA,21:30 - 22:00,7,26
MONTEMAR_ALTO_2200_2230,54519,MONTEMAR ALTO,MÁLAGA,22:00 - 22:30,17,15
MONTEMAR_ALTO_2230_2300,54519,MONTEMAR ALTO,MÁLAGA,22:30 - 23:00,7,5
MONTEMAR_ALTO_2300_2330,54519,MONTEMAR ALTO,MÁLAGA,23:00 - 23:30,7,7
MONTEMAR_ALTO_2330_0000,54519,MONTEMAR ALTO,MÁLAGA,23:30 - 00:00,1,6
PLAZA_MAYOR_0000_0030,54520,PLAZA MAYOR,MÁLAGA,00:00 - 00:30,4,0
PLAZA_MAYOR_0030_0100,54520,PLAZA MAYOR,MÁLAGA,00:30 - 01:00,4,0
PLAZA_MAYOR_0530_0600,54520,PLAZA MAYOR,MÁLAGA,05:30 - 06:00,0,1
PLAZA_MAYOR_0600_0630,54520,PLAZA MAYOR,MÁLAGA,06:00 - 06:30,0,0
PLAZA_MAYOR_0630_0700,54520,PLAZA MAYOR,MÁLAGA,06:30 - 07:00,7,9
PLAZA_MAYOR_0700_0730,54520,PLAZA MAYOR,MÁLAGA,07:00 - 07:30,9,14
PLAZA_MAYOR_0730_0800,54520,PLAZA MAYOR,MÁLAGA,07:30 - 08:00,40,10
PLAZA_MAYOR_0800_0830,54520,PLAZA MAYOR,MÁLAGA,08:00 - 08:30,34,10
PLAZA_MAYOR_0830_0900,54520,PLAZA MAYOR,MÁLAGA,08:30 - 09:00,18,17
PLAZA_MAYOR_0900_0930,54520,PLAZA MAYOR,MÁLAGA,09:00 - 09:30,25,14
PLAZA_MAYOR_0930_1000,54520,PLAZA MAYOR,MÁLAGA,09:30 - 10:00,13,20
PLAZA_MAYOR_1000_1030,54520,PLAZA MAYOR,MÁLAGA,10:00 - 10:30,24,26
PLAZA_MAYOR_1030_1100,54520,PLAZA MAYOR,MÁLAGA,10:30 - 11:00,26,19
PLAZA_MAYOR_1100_1130,54520,PLAZA MAYOR,MÁLAGA,11:00 - 11:30,26,38
PLAZA_MAYOR_1130_1200,54520,PLAZA MAYOR,MÁLAGA,11:30 - 12:00,24,38
PLAZA_MAYOR_1200_1230,54520,PLAZA MAYOR,MÁLAGA,12:00 - 12:30,40,29
PLAZA_MAYOR_1230_1300,54520,PLAZA MAYOR,MÁLAGA,12:30 - 13:00,17,25
PLAZA_MAYOR_1300_1330,54520,PLAZA MAYOR,MÁLAGA,13:00 - 13:30,31,49
PLAZA_MAYOR_1330_1400,54520,PLAZA MAYOR,MÁLAGA,13:30 - 14:00,24,14
PLAZA_MAYOR_1400_1430,54520,PLAZA MAYOR,MÁLAGA,14:00 - 14:30,31,48
PLAZA_MAYOR_1430_1500,54520,PLAZA MAYOR,MÁLAGA,14:30 - 15:00,51,48
PLAZA_MAYOR_1500_1530,54520,PLAZA MAYOR,MÁLAGA,15:00 - 15:30,47,44
PLAZA_MAYOR_1530_1600,54520,PLAZA MAYOR,MÁLAGA,15:30 - 16:00,37,36
PLAZA_MAYOR_1600_1630,54520,PLAZA MAYOR,MÁLAGA,16:00 - 16:30,54,42
PLAZA_MAYOR_1630_1700,54520,PLAZA MAYOR,MÁLAGA,16:30 - 17:00,16,23
PLAZA_MAYOR_1700_1730,54520,PLAZA MAYOR,MÁLAGA,17:00 - 17:30,41,53
PLAZA_MAYOR_1730_1800,54520,PLAZA MAYOR,MÁLAGA,17:30 - 18:00,21,23
PLAZA_MAYOR_1800_1830,54520,PLAZA MAYOR,MÁLAGA,18:00 - 18:30,40,62
PLAZA_MAYOR_1830_1900,54520,PLAZA MAYOR,MÁLAGA,18:30 - 19:00,30,38
PLAZA_MAYOR_1900_1930,54520,PLAZA MAYOR,MÁLAGA,19:00 - 19:30,36,35
PLAZA_MAYOR_1930_2000,54520,PLAZA MAYOR,MÁLAGA,19:30 - 20:00,38,18
PLAZA_MAYOR_2000_2030,54520,PLAZA MAYOR,MÁLAGA,20:00 - 20:30,33,33
PLAZA_MAYOR_2030_2100,54520,PLAZA MAYOR,MÁLAGA,20:30 - 21:00,17,9
PLAZA_MAYOR_2100_2130,54520,PLAZA MAYOR,MÁLAGA,21:00 - 21:30,24,20
PLAZA_MAYOR_2130_2200,54520,PLAZA MAYOR,MÁLAGA,21:30 - 22:00,24,6
PLAZA_MAYOR_2200_2230,54520,PLAZA MAYOR,MÁLAGA,22:00 - 22:30,16,3
PLAZA_MAYOR_2230_2300,54520,PLAZA MAYOR,MÁLAGA,22:30 - 23:00,9,10
PLAZA_MAYOR_2300_2330,54520,PLAZA MAYOR,MÁLAGA,23:00 - 23:30,5,5
PLAZA_MAYOR_2330_0000,54520,PLAZA MAYOR,MÁLAGA,23:30 - 00:00,8,2
